{
  "package": {
    "promptflow_vectordb.tool.common_index_lookup.search": {
      "name": "Index Lookup",
      "type": "python",
      "inputs": {
        "acs_content_field": {
          "type": [
            "string"
          ],
          "enabled_by": "index_type",
          "enabled_by_value": [
            "Azure AI Search"
          ],
          "dynamic_list": {
            "func_path": "promptflow_vectordb.tool.common_index_lookup_utils.list_acs_index_fields",
            "func_kwargs": [
              {
                "name": "acs_connection",
                "optional": false,
                "reference": "${inputs.acs_index_connection}",
                "type": [
                  "CognitiveSearchConnection"
                ]
              },
              {
                "name": "acs_index_name",
                "optional": false,
                "reference": "${inputs.acs_index_name}",
                "type": [
                  "string"
                ]
              },
              {
                "default": "Edm.String",
                "name": "field_data_type",
                "optional": false,
                "type": [
                  "string"
                ]
              }
            ]
          },
          "allow_manual_entry": false,
          "is_multi_select": false,
          "input_type": "uionly_hidden"
        },
        "acs_embedding_field": {
          "type": [
            "string"
          ],
          "enabled_by": "index_type",
          "enabled_by_value": [
            "Azure AI Search"
          ],
          "dynamic_list": {
            "func_path": "promptflow_vectordb.tool.common_index_lookup_utils.list_acs_index_fields",
            "func_kwargs": [
              {
                "name": "acs_connection",
                "optional": false,
                "reference": "${inputs.acs_index_connection}",
                "type": [
                  "CognitiveSearchConnection"
                ]
              },
              {
                "name": "acs_index_name",
                "optional": false,
                "reference": "${inputs.acs_index_name}",
                "type": [
                  "string"
                ]
              },
              {
                "default": "Collection(Edm.Single)",
                "name": "field_data_type",
                "optional": false,
                "type": [
                  "string"
                ]
              }
            ]
          },
          "allow_manual_entry": false,
          "is_multi_select": false,
          "input_type": "uionly_hidden"
        },
        "acs_index_connection": {
          "type": [
            "CognitiveSearchConnection"
          ],
          "enabled_by": "index_type",
          "enabled_by_value": [
            "Azure AI Search"
          ],
          "allow_manual_entry": false,
          "is_multi_select": false,
          "input_type": "uionly_hidden"
        },
        "acs_index_name": {
          "type": [
            "string"
          ],
          "enabled_by": "index_type",
          "enabled_by_value": [
            "Azure AI Search"
          ],
          "dynamic_list": {
            "func_path": "promptflow_vectordb.tool.common_index_lookup_utils.list_acs_indices",
            "func_kwargs": [
              {
                "name": "acs_connection",
                "optional": false,
                "reference": "${inputs.acs_index_connection}",
                "type": [
                  "CognitiveSearchConnection"
                ]
              }
            ]
          },
          "allow_manual_entry": false,
          "is_multi_select": false,
          "input_type": "uionly_hidden"
        },
        "acs_metadata_field": {
          "type": [
            "string"
          ],
          "enabled_by": "index_type",
          "enabled_by_value": [
            "Azure AI Search"
          ],
          "dynamic_list": {
            "func_path": "promptflow_vectordb.tool.common_index_lookup_utils.list_acs_index_fields",
            "func_kwargs": [
              {
                "name": "acs_connection",
                "optional": false,
                "reference": "${inputs.acs_index_connection}",
                "type": [
                  "CognitiveSearchConnection"
                ]
              },
              {
                "name": "acs_index_name",
                "optional": false,
                "reference": "${inputs.acs_index_name}",
                "type": [
                  "string"
                ]
              },
              {
                "default": "Edm.String",
                "name": "field_data_type",
                "optional": false,
                "type": [
                  "string"
                ]
              }
            ]
          },
          "allow_manual_entry": false,
          "is_multi_select": false,
          "input_type": "uionly_hidden"
        },
        "aoai_embedding_connection": {
          "type": [
            "AzureOpenAIConnection"
          ],
          "enabled_by": "embedding_type",
          "enabled_by_value": [
            "Azure OpenAI"
          ],
          "allow_manual_entry": false,
          "is_multi_select": false,
          "input_type": "uionly_hidden"
        },
        "cosmosdb_nosql_connection": {
          "type": [
            "string"
          ],
          "enabled_by": "index_type",
          "enabled_by_value": [
            "Azure CosmosDB for NoSQL"
          ],
          "dynamic_list": {
            "func_path": "promptflow_vectordb.tool.common_index_lookup_utils.list_cosmosdb_nosql_connections"
          },
          "allow_manual_entry": false,
          "is_multi_select": false,
          "input_type": "uionly_hidden"
        },
        "cosmosdb_nosql_container_name": {
          "type": [
            "string"
          ],
          "enabled_by": "index_type",
          "enabled_by_value": [
            "Azure CosmosDB for NoSQL"
          ],
          "dynamic_list": {
            "func_path": "promptflow_vectordb.tool.common_index_lookup_utils.list_cosmosdb_containers",
            "func_kwargs": [
              {
                "name": "cosmosdb_nosql_connection",
                "optional": false,
                "reference": "${inputs.cosmosdb_nosql_connection}",
                "type": [
                  "string"
                ]
              },
              {
                "name": "cosmosdb_nosql_database_name",
                "optional": false,
                "reference": "${inputs.cosmosdb_nosql_database_name}",
                "type": [
                  "string"
                ]
              }
            ]
          },
          "allow_manual_entry": false,
          "is_multi_select": false,
          "input_type": "uionly_hidden"
        },
        "cosmosdb_nosql_content_field": {
          "type": [
            "string"
          ],
          "enabled_by": "index_type",
          "enabled_by_value": [
            "Azure CosmosDB for NoSQL"
          ],
          "dynamic_list": {
            "func_path": "promptflow_vectordb.tool.common_index_lookup_utils.list_cosmosdb_nosql_content_fields",
            "func_kwargs": [
              {
                "name": "cosmosdb_nosql_connection",
                "optional": false,
                "reference": "${inputs.cosmosdb_nosql_connection}",
                "type": [
                  "string"
                ]
              },
              {
                "name": "cosmosdb_nosql_database_name",
                "optional": false,
                "reference": "${inputs.cosmosdb_nosql_database_name}",
                "type": [
                  "string"
                ]
              },
              {
                "name": "cosmosdb_nosql_container_name",
                "optional": false,
                "reference": "${inputs.cosmosdb_nosql_container_name}",
                "type": [
                  "string"
                ]
              }
            ]
          },
          "allow_manual_entry": true,
          "is_multi_select": false,
          "input_type": "uionly_hidden"
        },
        "cosmosdb_nosql_database_name": {
          "type": [
            "string"
          ],
          "enabled_by": "index_type",
          "enabled_by_value": [
            "Azure CosmosDB for NoSQL"
          ],
          "dynamic_list": {
            "func_path": "promptflow_vectordb.tool.common_index_lookup_utils.list_cosmosdb_databases",
            "func_kwargs": [
              {
                "name": "cosmosdb_nosql_connection",
                "optional": false,
                "reference": "${inputs.cosmosdb_nosql_connection}",
                "type": [
                  "string"
                ]
              }
            ]
          },
          "allow_manual_entry": false,
          "is_multi_select": false,
          "input_type": "uionly_hidden"
        },
        "cosmosdb_nosql_embedding_field": {
          "type": [
            "string"
          ],
          "enabled_by": "index_type",
          "enabled_by_value": [
            "Azure CosmosDB for NoSQL"
          ],
          "dynamic_list": {
            "func_path": "promptflow_vectordb.tool.common_index_lookup_utils.list_cosmosdb_nosql_embedding_fields",
            "func_kwargs": [
              {
                "name": "cosmosdb_nosql_connection",
                "optional": false,
                "reference": "${inputs.cosmosdb_nosql_connection}",
                "type": [
                  "string"
                ]
              },
              {
                "name": "cosmosdb_nosql_database_name",
                "optional": false,
                "reference": "${inputs.cosmosdb_nosql_database_name}",
                "type": [
                  "string"
                ]
              },
              {
                "name": "cosmosdb_nosql_container_name",
                "optional": false,
                "reference": "${inputs.cosmosdb_nosql_container_name}",
                "type": [
                  "string"
                ]
              }
            ]
          },
          "allow_manual_entry": false,
          "is_multi_select": false,
          "input_type": "uionly_hidden"
        },
        "embedding_deployment": {
          "type": [
            "string"
          ],
          "enabled_by": "embedding_type",
          "enabled_by_value": [
            "Azure OpenAI"
          ],
          "dynamic_list": {
            "func_path": "promptflow_vectordb.tool.common_index_lookup_utils.list_aoai_embedding_deployments",
            "func_kwargs": [
              {
                "name": "aoai_connection",
                "optional": false,
                "reference": "${inputs.aoai_embedding_connection}",
                "type": [
                  "AzurOpenAIConnection"
                ]
              }
            ]
          },
          "allow_manual_entry": false,
          "is_multi_select": false,
          "input_type": "uionly_hidden"
        },
        "embedding_model": {
          "type": [
            "string"
          ],
          "enabled_by": "embedding_type",
          "enabled_by_value": [
            "OpenAI",
            "Hugging Face"
          ],
          "dynamic_list": {
            "func_path": "promptflow_vectordb.tool.common_index_lookup_utils.list_embedding_models",
            "func_kwargs": [
              {
                "name": "embedding_type",
                "optional": false,
                "reference": "${inputs.embedding_type}",
                "type": [
                  "string"
                ]
              }
            ]
          },
          "allow_manual_entry": false,
          "is_multi_select": false,
          "input_type": "uionly_hidden"
        },
        "embedding_type": {
          "type": [
            "string"
          ],
          "enabled_by": "index_type",
          "enabled_by_value": [
            "Azure AI Search",
            "Azure CosmosDB for MongoDB vCore",
            "Azure CosmosDB for NoSQL",
            "Azure CosmosDB for PostgreSQL",
            "FAISS",
            "Pinecone",
            "Elasticsearch",
            "Qdrant",
            "Weaviate",
            "MongoDB"
          ],
          "dynamic_list": {
            "func_path": "promptflow_vectordb.tool.common_index_lookup_utils.list_available_embedding_types",
            "func_kwargs": [
              {
                "name": "index_type",
                "optional": false,
                "reference": "${inputs.index_type}",
                "type": [
                  "string"
                ]
              }
            ]
          },
          "allow_manual_entry": false,
          "is_multi_select": false,
          "input_type": "uionly_hidden"
        },
        "es_content_field": {
          "type": [
            "string"
          ],
          "enabled_by": "index_type",
          "enabled_by_value": [
            "Elasticsearch"
          ],
          "dynamic_list": {
            "func_path": "promptflow_vectordb.tool.common_index_lookup_utils.list_es_fields",
            "func_kwargs": [
              {
                "name": "es_index_connection",
                "optional": false,
                "reference": "${inputs.es_index_connection}",
                "type": [
                  "string"
                ]
              },
              {
                "name": "es_index_name",
                "optional": false,
                "reference": "${inputs.es_index_name}",
                "type": [
                  "string"
                ]
              },
              {
                "default": "text",
                "name": "type_match",
                "optional": false,
                "type": [
                  "string"
                ]
              }
            ]
          },
          "allow_manual_entry": false,
          "is_multi_select": false,
          "input_type": "uionly_hidden"
        },
        "es_embedding_field": {
          "type": [
            "string"
          ],
          "enabled_by": "index_type",
          "enabled_by_value": [
            "Elasticsearch"
          ],
          "dynamic_list": {
            "func_path": "promptflow_vectordb.tool.common_index_lookup_utils.list_es_fields",
            "func_kwargs": [
              {
                "name": "es_index_connection",
                "optional": false,
                "reference": "${inputs.es_index_connection}",
                "type": [
                  "string"
                ]
              },
              {
                "name": "es_index_name",
                "optional": false,
                "reference": "${inputs.es_index_name}",
                "type": [
                  "string"
                ]
              },
              {
                "default": "dense_vector",
                "name": "type_match",
                "optional": false,
                "type": [
                  "string"
                ]
              }
            ]
          },
          "allow_manual_entry": false,
          "is_multi_select": false,
          "input_type": "uionly_hidden"
        },
        "es_index_connection": {
          "type": [
            "string"
          ],
          "enabled_by": "index_type",
          "enabled_by_value": [
            "Elasticsearch"
          ],
          "dynamic_list": {
            "func_path": "promptflow_vectordb.tool.common_index_lookup_utils.list_es_connections"
          },
          "allow_manual_entry": false,
          "is_multi_select": false,
          "input_type": "uionly_hidden"
        },
        "es_index_name": {
          "type": [
            "string"
          ],
          "enabled_by": "index_type",
          "enabled_by_value": [
            "Elasticsearch"
          ],
          "dynamic_list": {
            "func_path": "promptflow_vectordb.tool.common_index_lookup_utils.list_es_indices",
            "func_kwargs": [
              {
                "name": "es_index_connection",
                "optional": false,
                "reference": "${inputs.es_index_connection}",
                "type": [
                  "string"
                ]
              }
            ]
          },
          "allow_manual_entry": false,
          "is_multi_select": false,
          "input_type": "uionly_hidden"
        },
        "es_metadata_field": {
          "type": [
            "string"
          ],
          "enabled_by": "index_type",
          "enabled_by_value": [
            "Elasticsearch"
          ],
          "dynamic_list": {
            "func_path": "promptflow_vectordb.tool.common_index_lookup_utils.list_es_fields",
            "func_kwargs": [
              {
                "name": "es_index_connection",
                "optional": false,
                "reference": "${inputs.es_index_connection}",
                "type": [
                  "string"
                ]
              },
              {
                "name": "es_index_name",
                "optional": false,
                "reference": "${inputs.es_index_name}",
                "type": [
                  "string"
                ]
              },
              {
                "default": "text",
                "name": "type_match",
                "optional": false,
                "type": [
                  "string"
                ]
              }
            ]
          },
          "allow_manual_entry": false,
          "is_multi_select": false,
          "input_type": "uionly_hidden"
        },
        "faiss_index_path": {
          "type": [
            "string"
          ],
          "enabled_by": "index_type",
          "enabled_by_value": [
            "FAISS"
          ],
          "allow_manual_entry": false,
          "is_multi_select": false,
          "input_type": "uionly_hidden"
        },
        "index_type": {
          "type": [
            "string"
          ],
          "dynamic_list": {
            "func_path": "promptflow_vectordb.tool.common_index_lookup_utils.list_available_index_types"
          },
          "allow_manual_entry": false,
          "is_multi_select": false,
          "input_type": "uionly_hidden"
        },
        "mlindex_asset_id": {
          "type": [
            "string"
          ],
          "enabled_by": "index_type",
          "enabled_by_value": [
            "Registered Index"
          ],
          "dynamic_list": {
            "func_path": "promptflow_vectordb.tool.common_index_lookup_utils.list_registered_mlindices"
          },
          "allow_manual_entry": false,
          "is_multi_select": false,
          "input_type": "uionly_hidden"
        },
        "mlindex_content": {
          "type": [
            "string"
          ],
          "allow_manual_entry": false,
          "is_multi_select": false,
          "generated_by": {
            "func_path": "promptflow_vectordb.tool.common_index_lookup_utils.forward_mapping",
            "func_kwargs": [
              {
                "name": "index_type",
                "reference": "${inputs.index_type}",
                "type": [
                  "string"
                ]
              },
              {
                "name": "mlindex_asset_id",
                "optional": true,
                "reference": "${inputs.mlindex_asset_id}",
                "type": [
                  "string"
                ]
              },
              {
                "name": "mlindex_path",
                "optional": true,
                "reference": "${inputs.mlindex_path}",
                "type": [
                  "string"
                ]
              },
              {
                "name": "acs_index_connection",
                "optional": true,
                "reference": "${inputs.acs_index_connection}",
                "type": [
                  "CognitiveSearchConnection"
                ]
              },
              {
                "name": "acs_index_name",
                "optional": true,
                "reference": "${inputs.acs_index_name}",
                "type": [
                  "string"
                ]
              },
              {
                "name": "acs_content_field",
                "optional": true,
                "reference": "${inputs.acs_content_field}",
                "type": [
                  "string"
                ]
              },
              {
                "name": "acs_embedding_field",
                "optional": true,
                "reference": "${inputs.acs_embedding_field}",
                "type": [
                  "string"
                ]
              },
              {
                "name": "acs_metadata_field",
                "optional": true,
                "reference": "${inputs.acs_metadata_field}",
                "type": [
                  "string"
                ]
              },
              {
                "name": "semantic_configuration",
                "optional": true,
                "reference": "${inputs.semantic_configuration}",
                "type": [
                  "string"
                ]
              },
              {
                "name": "faiss_index_path",
                "optional": true,
                "reference": "${inputs.faiss_index_path}",
                "type": [
                  "string"
                ]
              },
              {
                "name": "pinecone_index_connection",
                "optional": true,
                "reference": "${inputs.pinecone_index_connection}",
                "type": [
                  "string"
                ]
              },
              {
                "name": "pinecone_index_name",
                "optional": true,
                "reference": "${inputs.pinecone_index_name}",
                "type": [
                  "string"
                ]
              },
              {
                "name": "pinecone_index_namespace",
                "optional": true,
                "reference": "${inputs.pinecone_index_namespace}",
                "type": [
                  "string"
                ]
              },
              {
                "name": "pinecone_content_field",
                "optional": true,
                "reference": "${inputs.pinecone_content_field}",
                "type": [
                  "string"
                ]
              },
              {
                "name": "pinecone_metadata_field",
                "optional": true,
                "reference": "${inputs.pinecone_metadata_field}",
                "type": [
                  "string"
                ]
              },
              {
                "name": "es_index_connection",
                "optional": true,
                "reference": "${inputs.es_index_connection}",
                "type": [
                  "string"
                ]
              },
              {
                "name": "es_index_name",
                "optional": true,
                "reference": "${inputs.es_index_name}",
                "type": [
                  "string"
                ]
              },
              {
                "name": "es_content_field",
                "optional": true,
                "reference": "${inputs.es_content_field}",
                "type": [
                  "string"
                ]
              },
              {
                "name": "es_metadata_field",
                "optional": true,
                "reference": "${inputs.es_metadata_field}",
                "type": [
                  "string"
                ]
              },
              {
                "name": "es_embedding_field",
                "optional": true,
                "reference": "${inputs.es_embedding_field}",
                "type": [
                  "string"
                ]
              },
              {
                "name": "qdrant_index_connection",
                "optional": true,
                "reference": "${inputs.qdrant_index_connection}",
                "type": [
                  "string"
                ]
              },
              {
                "name": "qdrant_index_name",
                "optional": true,
                "reference": "${inputs.qdrant_index_name}",
                "type": [
                  "string"
                ]
              },
              {
                "name": "qdrant_content_field",
                "optional": true,
                "reference": "${inputs.qdrant_content_field}",
                "type": [
                  "string"
                ]
              },
              {
                "name": "qdrant_embedding_field",
                "optional": true,
                "reference": "${inputs.qdrant_embedding_field}",
                "type": [
                  "string"
                ]
              },
              {
                "name": "mongodb_connection",
                "optional": true,
                "reference": "${inputs.mongodb_connection}",
                "type": [
                  "string"
                ]
              },
              {
                "name": "mongodb_database",
                "optional": true,
                "reference": "${inputs.mongodb_database}",
                "type": [
                  "string"
                ]
              },
              {
                "name": "mongodb_collection",
                "optional": true,
                "reference": "${inputs.mongodb_collection}",
                "type": [
                  "string"
                ]
              },
              {
                "name": "mongodb_index_name",
                "optional": true,
                "reference": "${inputs.mongodb_index_name}",
                "type": [
                  "string"
                ]
              },
              {
                "name": "mongodb_search_index",
                "optional": true,
                "reference": "${inputs.mongodb_search_index}",
                "type": [
                  "string"
                ]
              },
              {
                "name": "mongodb_content_field",
                "optional": true,
                "reference": "${inputs.mongodb_content_field}",
                "type": [
                  "string"
                ]
              },
              {
                "name": "mongodb_embedding_field",
                "optional": true,
                "reference": "${inputs.mongodb_embedding_field}",
                "type": [
                  "string"
                ]
              },
              {
                "name": "weaviate_connection",
                "optional": true,
                "reference": "${inputs.weaviate_connection}",
                "type": [
                  "string"
                ]
              },
              {
                "name": "weaviate_collection",
                "optional": true,
                "reference": "${inputs.weaviate_collection}",
                "type": [
                  "string"
                ]
              },
              {
                "name": "weaviate_content_field",
                "optional": true,
                "reference": "${inputs.weaviate_content_field}",
                "type": [
                  "string"
                ]
              },
              {
                "name": "weaviate_embedding_field",
                "optional": true,
                "reference": "${inputs.weaviate_embedding_field}",
                "type": [
                  "string"
                ]
              },
              {
                "name": "postgres_connection",
                "optional": true,
                "reference": "${inputs.postgres_connection}",
                "type": [
                  "string"
                ]
              },
              {
                "name": "postgres_table_name",
                "optional": true,
                "reference": "${inputs.postgres_table_name}",
                "type": [
                  "string"
                ]
              },
              {
                "name": "postgres_search_type",
                "optional": true,
                "reference": "${inputs.postgres_search_type}",
                "type": [
                  "string"
                ]
              },
              {
                "name": "postgres_content_field",
                "optional": true,
                "reference": "${inputs.postgres_content_field}",
                "type": [
                  "string"
                ]
              },
              {
                "name": "postgres_embedding_field",
                "optional": true,
                "reference": "${inputs.postgres_embedding_field}",
                "type": [
                  "string"
                ]
              },
              {
                "name": "cosmosdb_nosql_connection",
                "optional": true,
                "reference": "${inputs.cosmosdb_nosql_connection}",
                "type": [
                  "string"
                ]
              },
              {
                "name": "cosmosdb_nosql_database_name",
                "optional": true,
                "reference": "${inputs.cosmosdb_nosql_database_name}",
                "type": [
                  "string"
                ]
              },
              {
                "name": "cosmosdb_nosql_container_name",
                "optional": true,
                "reference": "${inputs.cosmosdb_nosql_container_name}",
                "type": [
                  "string"
                ]
              },
              {
                "name": "cosmosdb_nosql_content_field",
                "optional": true,
                "reference": "${inputs.cosmosdb_nosql_content_field}",
                "type": [
                  "string"
                ]
              },
              {
                "name": "cosmosdb_nosql_embedding_field",
                "optional": true,
                "reference": "${inputs.cosmosdb_nosql_embedding_field}",
                "type": [
                  "string"
                ]
              },
              {
                "name": "embedding_type",
                "optional": true,
                "reference": "${inputs.embedding_type}",
                "type": [
                  "string"
                ]
              },
              {
                "name": "aoai_embedding_connection",
                "optional": true,
                "reference": "${inputs.aoai_embedding_connection}",
                "type": [
                  "AzureOpenAIConnection"
                ]
              },
              {
                "name": "oai_embedding_connection",
                "optional": true,
                "reference": "${inputs.oai_embedding_connection}",
                "type": [
                  "string"
                ]
              },
              {
                "name": "embedding_model",
                "optional": true,
                "reference": "${inputs.embedding_model}",
                "type": [
                  "string"
                ]
              },
              {
                "name": "embedding_deployment",
                "optional": true,
                "reference": "${inputs.embedding_deployment}",
                "type": [
                  "string"
                ]
              },
              {
                "name": "serverless_embedding_connection",
                "optional": true,
                "reference": "${inputs.serverless_embedding_connection}",
                "type": [
                  "string"
                ]
              }
            ],
            "reverse_func_path": "promptflow_vectordb.tool.common_index_lookup_utils.reverse_mapping"
          },
          "input_type": "default"
        },
        "mlindex_path": {
          "type": [
            "string"
          ],
          "enabled_by": "index_type",
          "enabled_by_value": [
            "MLIndex file from path"
          ],
          "allow_manual_entry": false,
          "is_multi_select": false,
          "input_type": "uionly_hidden"
        },
        "mongodb_collection": {
          "type": [
            "string"
          ],
          "enabled_by": "index_type",
          "enabled_by_value": [
            "Azure CosmosDB for MongoDB vCore",
            "MongoDB"
          ],
          "dynamic_list": {
            "func_path": "promptflow_vectordb.tool.common_index_lookup_utils.list_mongodb_collections",
            "func_kwargs": [
              {
                "name": "mongodb_connection",
                "optional": false,
                "reference": "${inputs.mongodb_connection}",
                "type": [
                  "string"
                ]
              },
              {
                "name": "mongodb_database",
                "optional": false,
                "reference": "${inputs.mongodb_database}",
                "type": [
                  "string"
                ]
              },
              {
                "name": "index_type",
                "reference": "${inputs.index_type}",
                "type": [
                  "string"
                ]
              }
            ]
          },
          "allow_manual_entry": false,
          "is_multi_select": false,
          "input_type": "uionly_hidden"
        },
        "mongodb_connection": {
          "type": [
            "string"
          ],
          "enabled_by": "index_type",
          "enabled_by_value": [
            "Azure CosmosDB for MongoDB vCore",
            "MongoDB"
          ],
          "dynamic_list": {
            "func_path": "promptflow_vectordb.tool.common_index_lookup_utils.list_mongodb_connections",
            "func_kwargs": [
              {
                "name": "index_type",
                "reference": "${inputs.index_type}",
                "type": [
                  "string"
                ]
              }
            ]
          },
          "allow_manual_entry": false,
          "is_multi_select": false,
          "input_type": "uionly_hidden"
        },
        "mongodb_content_field": {
          "type": [
            "string"
          ],
          "enabled_by": "index_type",
          "enabled_by_value": [
            "Azure CosmosDB for MongoDB vCore",
            "MongoDB"
          ],
          "dynamic_list": {
            "func_path": "promptflow_vectordb.tool.common_index_lookup_utils.list_mongodb_index_fields",
            "func_kwargs": [
              {
                "name": "mongodb_connection",
                "optional": false,
                "reference": "${inputs.mongodb_connection}",
                "type": [
                  "string"
                ]
              },
              {
                "name": "mongodb_database",
                "optional": false,
                "reference": "${inputs.mongodb_database}",
                "type": [
                  "string"
                ]
              },
              {
                "name": "mongodb_collection",
                "optional": false,
                "reference": "${inputs.mongodb_collection}",
                "type": [
                  "string"
                ]
              },
              {
                "default": "string",
                "name": "field_data_type",
                "optional": false,
                "type": [
                  "string"
                ]
              },
              {
                "name": "index_type",
                "reference": "${inputs.index_type}",
                "type": [
                  "string"
                ]
              }
            ]
          },
          "allow_manual_entry": false,
          "is_multi_select": false,
          "input_type": "uionly_hidden"
        },
        "mongodb_database": {
          "type": [
            "string"
          ],
          "enabled_by": "index_type",
          "enabled_by_value": [
            "Azure CosmosDB for MongoDB vCore",
            "MongoDB"
          ],
          "dynamic_list": {
            "func_path": "promptflow_vectordb.tool.common_index_lookup_utils.list_mongodb_databases",
            "func_kwargs": [
              {
                "name": "mongodb_connection",
                "optional": false,
                "reference": "${inputs.mongodb_connection}",
                "type": [
                  "string"
                ]
              },
              {
                "name": "index_type",
                "reference": "${inputs.index_type}",
                "type": [
                  "string"
                ]
              }
            ]
          },
          "allow_manual_entry": false,
          "is_multi_select": false,
          "input_type": "uionly_hidden"
        },
        "mongodb_embedding_field": {
          "type": [
            "string"
          ],
          "enabled_by": "index_type",
          "enabled_by_value": [
            "Azure CosmosDB for MongoDB vCore",
            "MongoDB"
          ],
          "dynamic_list": {
            "func_path": "promptflow_vectordb.tool.common_index_lookup_utils.list_mongodb_embedding_fields",
            "func_kwargs": [
              {
                "name": "index_type",
                "reference": "${inputs.index_type}",
                "type": [
                  "string"
                ]
              },
              {
                "name": "mongodb_connection",
                "optional": false,
                "reference": "${inputs.mongodb_connection}",
                "type": [
                  "string"
                ]
              },
              {
                "name": "mongodb_database",
                "optional": false,
                "reference": "${inputs.mongodb_database}",
                "type": [
                  "string"
                ]
              },
              {
                "name": "mongodb_collection",
                "optional": false,
                "reference": "${inputs.mongodb_collection}",
                "type": [
                  "string"
                ]
              }
            ]
          },
          "allow_manual_entry": false,
          "is_multi_select": false,
          "input_type": "uionly_hidden"
        },
        "mongodb_index_name": {
          "type": [
            "string"
          ],
          "enabled_by": "index_type",
          "enabled_by_value": [
            "Azure CosmosDB for MongoDB vCore"
          ],
          "dynamic_list": {
            "func_path": "promptflow_vectordb.tool.common_index_lookup_utils.list_mongodb_indexes",
            "func_kwargs": [
              {
                "name": "mongodb_connection",
                "optional": false,
                "reference": "${inputs.mongodb_connection}",
                "type": [
                  "string"
                ]
              },
              {
                "name": "mongodb_database",
                "optional": false,
                "reference": "${inputs.mongodb_database}",
                "type": [
                  "string"
                ]
              },
              {
                "name": "mongodb_collection",
                "optional": false,
                "reference": "${inputs.mongodb_collection}",
                "type": [
                  "string"
                ]
              }
            ]
          },
          "allow_manual_entry": false,
          "is_multi_select": false,
          "input_type": "uionly_hidden"
        },
        "mongodb_search_index": {
          "type": [
            "string"
          ],
          "enabled_by": "index_type",
          "enabled_by_value": [
            "MongoDB"
          ],
          "dynamic_list": {
            "func_path": "promptflow_vectordb.tool.common_index_lookup_utils.list_mongodb_search_indexes",
            "func_kwargs": [
              {
                "name": "mongodb_connection",
                "optional": false,
                "reference": "${inputs.mongodb_connection}",
                "type": [
                  "string"
                ]
              },
              {
                "name": "mongodb_database",
                "optional": false,
                "reference": "${inputs.mongodb_database}",
                "type": [
                  "string"
                ]
              },
              {
                "name": "mongodb_collection",
                "optional": false,
                "reference": "${inputs.mongodb_collection}",
                "type": [
                  "string"
                ]
              }
            ]
          },
          "allow_manual_entry": false,
          "is_multi_select": false,
          "input_type": "uionly_hidden"
        },
        "oai_embedding_connection": {
          "type": [
            "OpenAIConnection"
          ],
          "enabled_by": "embedding_type",
          "enabled_by_value": [
            "OpenAI"
          ],
          "allow_manual_entry": false,
          "is_multi_select": false,
          "input_type": "uionly_hidden"
        },
        "pinecone_content_field": {
          "type": [
            "string"
          ],
          "enabled_by": "index_type",
          "enabled_by_value": [
            "Pinecone"
          ],
          "dynamic_list": {
            "func_path": "promptflow_vectordb.tool.common_index_lookup_utils.list_pinecone_index_fields",
            "func_kwargs": [
              {
                "name": "pinecone_connection_name",
                "optional": false,
                "reference": "${inputs.pinecone_index_connection}",
                "type": [
                  "string"
                ]
              },
              {
                "name": "pinecone_index_name",
                "optional": false,
                "reference": "${inputs.pinecone_index_name}",
                "type": [
                  "string"
                ]
              },
              {
                "name": "pinecone_index_namespace",
                "optional": false,
                "reference": "${inputs.pinecone_index_namespace}",
                "type": [
                  "string"
                ]
              }
            ]
          },
          "allow_manual_entry": false,
          "is_multi_select": false,
          "input_type": "uionly_hidden"
        },
        "pinecone_index_connection": {
          "type": [
            "PineconeConnection"
          ],
          "enabled_by": "index_type",
          "enabled_by_value": [
            "Pinecone"
          ],
          "dynamic_list": {
            "func_path": "promptflow_vectordb.tool.common_index_lookup_utils.list_pinecone_connections"
          },
          "allow_manual_entry": false,
          "is_multi_select": false,
          "input_type": "uionly_hidden"
        },
        "pinecone_index_name": {
          "type": [
            "string"
          ],
          "enabled_by": "index_type",
          "enabled_by_value": [
            "Pinecone"
          ],
          "dynamic_list": {
            "func_path": "promptflow_vectordb.tool.common_index_lookup_utils.list_pinecone_indices",
            "func_kwargs": [
              {
                "name": "pinecone_connection_name",
                "optional": false,
                "reference": "${inputs.pinecone_index_connection}",
                "type": [
                  "string"
                ]
              }
            ]
          },
          "allow_manual_entry": false,
          "is_multi_select": false,
          "input_type": "uionly_hidden"
        },
        "pinecone_index_namespace": {
          "type": [
            "string"
          ],
          "enabled_by": "index_type",
          "enabled_by_value": [
            "Pinecone"
          ],
          "dynamic_list": {
            "func_path": "promptflow_vectordb.tool.common_index_lookup_utils.list_pinecone_index_namespaces",
            "func_kwargs": [
              {
                "name": "pinecone_connection_name",
                "optional": false,
                "reference": "${inputs.pinecone_index_connection}",
                "type": [
                  "string"
                ]
              },
              {
                "name": "pinecone_index_name",
                "optional": false,
                "reference": "${inputs.pinecone_index_name}",
                "type": [
                  "string"
                ]
              }
            ]
          },
          "allow_manual_entry": false,
          "is_multi_select": false,
          "input_type": "uionly_hidden"
        },
        "pinecone_metadata_field": {
          "type": [
            "string"
          ],
          "enabled_by": "index_type",
          "enabled_by_value": [
            "Pinecone"
          ],
          "dynamic_list": {
            "func_path": "promptflow_vectordb.tool.common_index_lookup_utils.list_pinecone_index_fields",
            "func_kwargs": [
              {
                "name": "pinecone_connection_name",
                "optional": false,
                "reference": "${inputs.pinecone_index_connection}",
                "type": [
                  "string"
                ]
              },
              {
                "name": "pinecone_index_name",
                "optional": false,
                "reference": "${inputs.pinecone_index_name}",
                "type": [
                  "string"
                ]
              },
              {
                "name": "pinecone_index_namespace",
                "optional": false,
                "reference": "${inputs.pinecone_index_namespace}",
                "type": [
                  "string"
                ]
              }
            ]
          },
          "allow_manual_entry": false,
          "is_multi_select": false,
          "input_type": "uionly_hidden"
        },
        "postgres_connection": {
          "type": [
            "string"
          ],
          "enabled_by": "index_type",
          "enabled_by_value": [
            "Azure CosmosDB for PostgreSQL"
          ],
          "dynamic_list": {
            "func_path": "promptflow_vectordb.tool.common_index_lookup_utils.list_postgresql_connections"
          },
          "allow_manual_entry": false,
          "is_multi_select": false,
          "input_type": "uionly_hidden"
        },
        "postgres_content_field": {
          "type": [
            "string"
          ],
          "enabled_by": "index_type",
          "enabled_by_value": [
            "Azure CosmosDB for PostgreSQL"
          ],
          "dynamic_list": {
            "func_path": "promptflow_vectordb.tool.common_index_lookup_utils.list_postgresql_table_fields",
            "func_kwargs": [
              {
                "name": "postgres_connection",
                "optional": false,
                "reference": "${inputs.postgres_connection}",
                "type": [
                  "string"
                ]
              },
              {
                "name": "postgres_table_name",
                "optional": false,
                "reference": "${inputs.postgres_table_name}",
                "type": [
                  "string"
                ]
              },
              {
                "default": "character varying",
                "name": "field_data_type",
                "optional": false,
                "type": [
                  "string"
                ]
              }
            ]
          },
          "allow_manual_entry": false,
          "is_multi_select": false,
          "input_type": "uionly_hidden"
        },
        "postgres_embedding_field": {
          "type": [
            "string"
          ],
          "enabled_by": "index_type",
          "enabled_by_value": [
            "Azure CosmosDB for PostgreSQL"
          ],
          "dynamic_list": {
            "func_path": "promptflow_vectordb.tool.common_index_lookup_utils.list_postgresql_table_fields",
            "func_kwargs": [
              {
                "name": "postgres_connection",
                "optional": false,
                "reference": "${inputs.postgres_connection}",
                "type": [
                  "string"
                ]
              },
              {
                "name": "postgres_table_name",
                "optional": false,
                "reference": "${inputs.postgres_table_name}",
                "type": [
                  "string"
                ]
              },
              {
                "default": "vector",
                "name": "field_data_type",
                "optional": false,
                "type": [
                  "string"
                ]
              }
            ]
          },
          "allow_manual_entry": false,
          "is_multi_select": false,
          "input_type": "uionly_hidden"
        },
        "postgres_search_type": {
          "type": [
            "string"
          ],
          "enabled_by": "index_type",
          "enabled_by_value": [
            "Azure CosmosDB for PostgreSQL"
          ],
          "dynamic_list": {
            "func_path": "promptflow_vectordb.tool.common_index_lookup_utils.list_postgresql_search_types"
          },
          "allow_manual_entry": false,
          "is_multi_select": false,
          "input_type": "uionly_hidden"
        },
        "postgres_table_name": {
          "type": [
            "string"
          ],
          "enabled_by": "index_type",
          "enabled_by_value": [
            "Azure CosmosDB for PostgreSQL"
          ],
          "dynamic_list": {
            "func_path": "promptflow_vectordb.tool.common_index_lookup_utils.list_postgresql_tables",
            "func_kwargs": [
              {
                "name": "postgres_connection",
                "optional": false,
                "reference": "${inputs.postgres_connection}",
                "type": [
                  "string"
                ]
              }
            ]
          },
          "allow_manual_entry": false,
          "is_multi_select": false,
          "input_type": "uionly_hidden"
        },
        "qdrant_content_field": {
          "type": [
            "string"
          ],
          "enabled_by": "index_type",
          "enabled_by_value": [
            "Qdrant"
          ],
          "allow_manual_entry": true,
          "is_multi_select": false,
          "input_type": "uionly_hidden"
        },
        "qdrant_embedding_field": {
          "type": [
            "string"
          ],
          "enabled_by": "index_type",
          "enabled_by_value": [
            "Qdrant"
          ],
          "dynamic_list": {
            "func_path": "promptflow_vectordb.tool.common_index_lookup_utils.list_qdrant_fields_by_type",
            "func_kwargs": [
              {
                "name": "qdrant_index_connection",
                "optional": false,
                "reference": "${inputs.qdrant_index_connection}",
                "type": [
                  "string"
                ]
              },
              {
                "name": "qdrant_index_name",
                "optional": false,
                "reference": "${inputs.qdrant_index_name}",
                "type": [
                  "string"
                ]
              },
              {
                "default": "vector",
                "name": "type_match",
                "optional": false,
                "type": [
                  "string"
                ]
              }
            ]
          },
          "allow_manual_entry": false,
          "is_multi_select": false,
          "input_type": "uionly_hidden"
        },
        "qdrant_index_connection": {
          "type": [
            "string"
          ],
          "enabled_by": "index_type",
          "enabled_by_value": [
            "Qdrant"
          ],
          "dynamic_list": {
            "func_path": "promptflow_vectordb.tool.common_index_lookup_utils.list_qdrant_connections"
          },
          "allow_manual_entry": false,
          "is_multi_select": false,
          "input_type": "uionly_hidden"
        },
        "qdrant_index_name": {
          "type": [
            "string"
          ],
          "enabled_by": "index_type",
          "enabled_by_value": [
            "Qdrant"
          ],
          "dynamic_list": {
            "func_path": "promptflow_vectordb.tool.common_index_lookup_utils.list_qdrant_indices",
            "func_kwargs": [
              {
                "name": "qdrant_index_connection",
                "optional": false,
                "reference": "${inputs.qdrant_index_connection}",
                "type": [
                  "string"
                ]
              }
            ]
          },
          "allow_manual_entry": false,
          "is_multi_select": false,
          "input_type": "uionly_hidden"
        },
        "queries": {
          "type": [
            "object"
          ],
          "allow_manual_entry": false,
          "is_multi_select": false,
          "input_type": "default"
        },
        "query_type": {
          "type": [
            "string"
          ],
          "dynamic_list": {
            "func_path": "promptflow_vectordb.tool.common_index_lookup_utils.list_available_query_types",
            "func_kwargs": [
              {
                "name": "mlindex_content",
                "optional": false,
                "reference": "${inputs.mlindex_content}",
                "type": [
                  "string"
                ]
              }
            ]
          },
          "allow_manual_entry": false,
          "is_multi_select": false,
          "input_type": "default"
        },
        "semantic_configuration": {
          "type": [
            "string"
          ],
          "enabled_by": "index_type",
          "enabled_by_value": [
            "Azure AI Search"
          ],
          "dynamic_list": {
            "func_path": "promptflow_vectordb.tool.common_index_lookup_utils.list_acs_index_semantic_configurations",
            "func_kwargs": [
              {
                "name": "acs_connection",
                "optional": false,
                "reference": "${inputs.acs_index_connection}",
                "type": [
                  "CognitiveSearchConnection"
                ]
              },
              {
                "name": "acs_index_name",
                "optional": false,
                "reference": "${inputs.acs_index_name}",
                "type": [
                  "string"
                ]
              }
            ]
          },
          "allow_manual_entry": false,
          "is_multi_select": false,
          "input_type": "uionly_hidden"
        },
        "serverless_embedding_connection": {
          "type": [
            "string"
          ],
          "enabled_by": "embedding_type",
          "enabled_by_value": [
            "Serverless Endpoint",
            "Serverless Deployment"
          ],
          "dynamic_list": {
            "func_path": "promptflow_vectordb.tool.common_index_lookup_utils.list_serverless_embedding_connections"
          },
          "allow_manual_entry": false,
          "is_multi_select": false,
          "input_type": "uionly_hidden"
        },
        "top_k": {
          "type": [
            "int"
          ],
          "default": 3,
          "allow_manual_entry": false,
          "is_multi_select": false,
          "input_type": "default"
        },
        "weaviate_collection": {
          "type": [
            "string"
          ],
          "enabled_by": "index_type",
          "enabled_by_value": [
            "Weaviate"
          ],
          "dynamic_list": {
            "func_path": "promptflow_vectordb.tool.common_index_lookup_utils.list_weaviate_collections",
            "func_kwargs": [
              {
                "name": "weaviate_connection",
                "optional": false,
                "reference": "${inputs.weaviate_connection}",
                "type": [
                  "string"
                ]
              }
            ]
          },
          "allow_manual_entry": false,
          "is_multi_select": false,
          "input_type": "uionly_hidden"
        },
        "weaviate_connection": {
          "type": [
            "string"
          ],
          "enabled_by": "index_type",
          "enabled_by_value": [
            "Weaviate"
          ],
          "dynamic_list": {
            "func_path": "promptflow_vectordb.tool.common_index_lookup_utils.list_weaviate_connections"
          },
          "allow_manual_entry": false,
          "is_multi_select": false,
          "input_type": "uionly_hidden"
        },
        "weaviate_content_field": {
          "type": [
            "string"
          ],
          "enabled_by": "index_type",
          "enabled_by_value": [
            "Weaviate"
          ],
          "dynamic_list": {
            "func_path": "promptflow_vectordb.tool.common_index_lookup_utils.list_weaviate_collection_properties",
            "func_kwargs": [
              {
                "name": "weaviate_connection",
                "optional": false,
                "reference": "${inputs.weaviate_connection}",
                "type": [
                  "string"
                ]
              },
              {
                "name": "weaviate_collection",
                "optional": false,
                "reference": "${inputs.weaviate_collection}",
                "type": [
                  "string"
                ]
              },
              {
                "default": "DataType.TEXT",
                "name": "field_data_type",
                "optional": false,
                "type": [
                  "string"
                ]
              }
            ]
          },
          "allow_manual_entry": false,
          "is_multi_select": false,
          "input_type": "uionly_hidden"
        },
        "weaviate_embedding_field": {
          "type": [
            "string"
          ],
          "enabled_by": "index_type",
          "enabled_by_value": [
            "Weaviate"
          ],
          "dynamic_list": {
            "func_path": "promptflow_vectordb.tool.common_index_lookup_utils.list_weaviate_collection_vector_fields",
            "func_kwargs": [
              {
                "name": "weaviate_connection",
                "optional": false,
                "reference": "${inputs.weaviate_connection}",
                "type": [
                  "string"
                ]
              },
              {
                "name": "weaviate_collection",
                "optional": false,
                "reference": "${inputs.weaviate_collection}",
                "type": [
                  "string"
                ]
              }
            ]
          },
          "allow_manual_entry": false,
          "is_multi_select": false,
          "input_type": "uionly_hidden"
        }
      },
      "description": "Search an AzureML Vector Index for relevant results using one or more text queries.",
      "module": "promptflow_vectordb.tool.common_index_lookup",
      "function": "search",
      "is_builtin": true,
      "package": "promptflow_vectordb",
      "package_version": "0.2.16",
      "enable_kwargs": false,
      "tool_state": "stable",
      "toolId": "promptflow_vectordb.tool.common_index_lookup.search"
    }
  },
  "code": {
    "question_understanding.jinja2": {
      "name": "question_understanding.jinja2",
      "type": "prompt",
      "inputs": {
        "chat_history": {
          "type": [
            "string"
          ],
          "allow_manual_entry": false,
          "is_multi_select": false,
          "input_type": "default",
          "value": "${inputs.chat_history}",
          "id": "62e11n1r"
        },
        "question": {
          "type": [
            "string"
          ],
          "allow_manual_entry": false,
          "is_multi_select": false,
          "input_type": "default",
          "value": "${inputs.question}",
          "id": "5g323wqk"
        }
      },
      "source": "question_understanding.jinja2",
      "is_builtin": false,
      "enable_kwargs": false,
      "tool_state": "stable",
      "toolId": "question_understanding.jinja2"
    },
    "validate_output.py": {
      "name": "validate_output.py",
      "type": "python",
      "inputs": {
        "qu_output": {
          "type": [
            "string"
          ],
          "allow_manual_entry": false,
          "is_multi_select": false,
          "input_type": "default"
        }
      },
      "description": "Receives a JSON input of the form:\n    {\n        \"search_queries\": []\n    }",
      "source": "validate_output.py",
      "function": "validate_output",
      "is_builtin": false,
      "enable_kwargs": false,
      "tool_state": "stable",
      "toolId": "validate_output.py"
    },
    "get_search_queries.py": {
      "name": "get_search_queries.py",
      "type": "python",
      "inputs": {
        "params": {
          "type": [
            "object"
          ],
          "allow_manual_entry": false,
          "is_multi_select": false,
          "input_type": "default"
        }
      },
      "source": "get_search_queries.py",
      "function": "extract_search_queries",
      "is_builtin": false,
      "enable_kwargs": false,
      "tool_state": "stable",
      "toolId": "get_search_queries.py"
    },
    "has_search_quesries.py": {
      "name": "has_search_quesries.py",
      "type": "python",
      "inputs": {
        "params": {
          "type": [
            "object"
          ],
          "allow_manual_entry": false,
          "is_multi_select": false,
          "input_type": "default"
        }
      },
      "source": "has_search_quesries.py",
      "function": "has_search_queries",
      "is_builtin": false,
      "enable_kwargs": false,
      "tool_state": "stable",
      "toolId": "has_search_quesries.py"
    },
    "get_search_results.py": {
      "name": "get_search_results.py",
      "type": "python",
      "inputs": {
        "search_result": {
          "type": [
            "object"
          ],
          "allow_manual_entry": false,
          "is_multi_select": false,
          "input_type": "default"
        }
      },
      "description": "Procedure for generating a flat list of search results in the following format:\n[\n    {\n        'text': <search_result.item.text>,\n        'metadata': <search_result.item.metadata>,\n        'score': <search_result.item.score>,\n        'reranker_score': <search_result.item.additional_fields.@search.reranker_score>\n    },\n    ...\n]",
      "source": "get_search_results.py",
      "function": "get_search_results",
      "is_builtin": false,
      "enable_kwargs": false,
      "tool_state": "stable",
      "toolId": "get_search_results.py"
    },
    "answer_generation.jinja2": {
      "name": "answer_generation.jinja2",
      "type": "prompt",
      "inputs": {
        "chat_history": {
          "type": [
            "string"
          ],
          "allow_manual_entry": false,
          "is_multi_select": false,
          "input_type": "default",
          "value": "${inputs.chat_history}",
          "id": "0b9nzhxn"
        },
        "has_search_queries": {
          "type": [
            "string"
          ],
          "allow_manual_entry": false,
          "is_multi_select": false,
          "input_type": "default",
          "value": "${has_search_quesries.output}",
          "id": "rhwrodjf"
        },
        "question": {
          "type": [
            "string"
          ],
          "allow_manual_entry": false,
          "is_multi_select": false,
          "input_type": "default",
          "value": "${inputs.question}",
          "id": "6uoop6j7"
        },
        "search_results": {
          "type": [
            "string"
          ],
          "allow_manual_entry": false,
          "is_multi_select": false,
          "input_type": "default",
          "value": "${get_search_results.output}",
          "id": "92in5r87"
        }
      },
      "source": "answer_generation.jinja2",
      "is_builtin": false,
      "enable_kwargs": false,
      "tool_state": "stable",
      "toolId": "answer_generation.jinja2"
    },
    "telemetry_log.py": {
      "name": "telemetry_log.py",
      "type": "python",
      "inputs": {
        "answer_generation": {
          "type": [
            "string"
          ],
          "allow_manual_entry": false,
          "is_multi_select": false,
          "input_type": "default"
        },
        "get_search_results": {
          "type": [
            "string"
          ],
          "allow_manual_entry": false,
          "is_multi_select": false,
          "input_type": "default"
        },
        "question": {
          "type": [
            "string"
          ],
          "allow_manual_entry": false,
          "is_multi_select": false,
          "input_type": "default"
        },
        "search_queries": {
          "type": [
            "string"
          ],
          "allow_manual_entry": false,
          "is_multi_select": false,
          "input_type": "default"
        }
      },
      "source": "telemetry_log.py",
      "function": "main",
      "is_builtin": false,
      "enable_kwargs": false,
      "tool_state": "stable",
      "toolId": "telemetry_log.py"
    }
  }
}