{
  "orientation": "Vertical",
  "nodeLayouts": {
    "inputs": {
      "x": 298,
      "y": 62,
      "index": -1
    },
    "outputs": {
      "x": 473,
      "y": 942,
      "index": -1
    },
    "question_understanding": {
      "x": 298,
      "y": 172,
      "height": 75,
      "index": 0
    },
    "chunks_search": {
      "x": 298,
      "y": 502,
      "height": 75,
      "index": 4
    },
    "validate_output": {
      "x": 298,
      "y": 282,
      "height": 75,
      "index": 1
    },
    "has_search_quesries": {
      "x": 123,
      "y": 392,
      "height": 75,
      "index": 3
    },
    "get_search_queries": {
      "x": 473,
      "y": 392,
      "height": 75,
      "index": 2
    },
    "get_search_results": {
      "x": 298,
      "y": 612,
      "height": 75,
      "index": 5
    },
    "answer_generation": {
      "x": 12,
      "y": 722,
      "height": 75,
      "index": 6
    },
    "telemetry_log": {
      "x": 473,
      "y": 832,
      "height": 75,
      "index": 7
    }
  },
  "viewport": {
    "transformMatrix": [
      0.43693246756795867,
      0,
      0,
      0.43693246756795867,
      142.4253093357885,
      -55.587640737146955
    ]
  }
}