{
  "nodes": {
    "question_understanding": {
      "variant_0": {
        "inputs": {},
        "inputsValue": {}
      }
    },
    "validate_output": {
      "variant_0": {
        "inputs": {},
        "inputsValue": {}
      }
    },
    "get_search_queries": {
      "variant_0": {
        "inputs": {},
        "inputsValue": {}
      }
    },
    "has_search_quesries": {
      "variant_0": {
        "inputs": {},
        "inputsValue": {}
      }
    },
    "chunks_search": {
      "variant_0": {
        "inputs": {
          "cosmosdb_nosql_connection": [],
          "cosmosdb_nosql_container_name": [],
          "cosmosdb_nosql_content_field": [],
          "cosmosdb_nosql_database_name": [],
          "cosmosdb_nosql_embedding_field": [],
          "embedding_model": [],
          "serverless_embedding_connection": [],
          "es_content_field": [],
          "es_embedding_field": [],
          "es_index_connection": [],
          "es_index_name": [],
          "es_metadata_field": [],
          "mlindex_asset_id": [],
          "mongodb_collection": [],
          "mongodb_connection": [],
          "mongodb_content_field": [],
          "mongodb_database": [],
          "mongodb_embedding_field": [],
          "mongodb_index_name": [],
          "mongodb_search_index": [],
          "pinecone_content_field": [],
          "pinecone_index_connection": [],
          "pinecone_index_name": [],
          "pinecone_index_namespace": [],
          "pinecone_metadata_field": [],
          "postgres_connection": [],
          "postgres_content_field": [],
          "postgres_embedding_field": [],
          "postgres_search_type": [],
          "postgres_table_name": [],
          "qdrant_embedding_field": [],
          "qdrant_index_connection": [],
          "qdrant_index_name": [],
          "weaviate_collection": [],
          "weaviate_connection": [],
          "weaviate_content_field": [],
          "weaviate_embedding_field": [],
          "query_type": [
            {
              "display_value": "Hybrid + semantic",
              "value": "Hybrid + semantic"
            }
          ]
        },
        "inputsValue": {
          "index_type": "Azure AI Search",
          "acs_index_connection": "aih-eppc25-wn5i-connection-AISearch",
          "acs_content_field": "chunk",
          "acs_embedding_field": "text_vector",
          "acs_index_name": "eppc25-vector",
          "acs_metadata_field": "title",
          "embedding_type": "Azure OpenAI",
          "aoai_embedding_connection": "aih-eppc25-wn5i-connection-AzureOpenAI",
          "embedding_deployment": "aoi-eppc25-wn5i-ada",
          "semantic_configuration": "eppc25-vector-semantic-configuration"
        }
      }
    },
    "get_search_results": {
      "variant_0": {
        "inputs": {},
        "inputsValue": {}
      }
    },
    "answer_generation": {
      "variant_0": {
        "inputs": {},
        "inputsValue": {}
      }
    },
    "telemetry_log": {
      "variant_0": {
        "inputs": {},
        "inputsValue": {}
      }
    }
  }
}